submission_pk,User,b'Difference'
103811,nickyang,0.1342000000 (1),
103001,wangyadong,0.1416000000 (2),
103615,alpaca,0.2162000000 (3),
102777,robindu,0.2163000000 (4),
103495,flames,0.2308000000 (5),
103167,backspacetg,0.2308000000 (5),
103485,yttkx,0.2510000000 (6),
102529,icprmsr,0.2631000000 (7),
103422,lpq2022,0.3737000000 (8),
