submission_pk,User,b'Difference'
106735,alpaca,0.1296000000 (1),
106705,reyne,0.1387000000 (2),
105590,JiaweiLiu,0.1541000000 (3),
103629,wanghao9610,0.1597000000 (4),
106658,flames,0.1826000000 (5),
103570,baseline_on_baseline,0.2220000000 (6),
103593,mys,0.3046000000 (7),
