submission_pk,User,b'<rank>',b'Conceptual Similarity Judgment',b'Conceptual Property Judgment',b'Conceptual Chain Consistency',b'Conceptualization in Contexts'
359043,ROIM1998,1.50000 (1),28.42000 (1),67.07000 (2),19.61000 (2),50.59000 (1),
277259,sz005,2.50000 (3),27.65000 (2),66.52000 (3),19.61000 (2),48.18000 (3),
276413,Neph0s,1.75000 (2),27.32000 (3),70.45000 (1),24.51000 (1),50.17000 (2),
281061,Shimizudani,3.25000 (4),11.97000 (4),60.49000 (4),24.51000 (1),33.57000 (4),
451714,college,4.50000 (5),11.28000 (5),49.12000 (5),4.90000 (3),0.00000 (5),
