submission_pk,User,F1 score,Precision,Recall
274921,uklu,0.696970 (1),0.547619 (4),0.958333 (1),
276021,itec-aau,0.676190 (2),0.622807 (1),0.739583 (2),
273911,bowang,0.640777 (3),0.568966 (3),0.733333 (3),
273981,mriegler,0.594595 (4),0.617978 (2),0.572917 (4),
