submission_pk,User,PercentageScore
897029,colormeblue1013,0.934437 (1),
601386,DecstionBack,0.903246 (2),
920140,malkin,0.856779 (3),
933933,verbs_are_all_you_need,0.790084 (4),
1037430,fengyaoluo,0.745385 (5),
602514,daphnei,0.721197 (6),
547734,yutongl,0.709102 (7),
737905,amitadk,0.515595 (8),
536378,ROCNLP,0.504137 (9),
737907,aamulualem,0.493316 (10),
738248,tdtnguyen,- (11),
