submission_pk,User,AverageF1,AverageR,Accuracy
383402,AngelDeborahSuseelan,1.00000 (1),1.00000 (1),1.00000 (1),
383677,mcliche,0.82100 (2),0.85900 (2),0.86300 (2),
386366,bakrianoo,0.74900 (3),0.73500 (3),0.83700 (3),
386301,sureshsanampudi,0.47900 (4),0.51000 (4),0.76400 (5),
383094,seirasto,0.43800 (5),0.50000 (5),0.77800 (4),
383694,madehong,0.43800 (5),0.50000 (5),0.77800 (4),
386302,minok00,0.43800 (5),0.50000 (5),0.77800 (4),
382677,preslav,0.18100 (6),0.33300 (6),0.22200 (6),
