submission_pk,User,Score
436715,gasevi,0.77345 (1),
408979,JamesChuang,0.10144 (2),
407385,AI2_admin,0.08646 (3),
410693,phunghx,0.01455 (4),
410642,telephus,0.00000 (5),
submission_pk,User,Score
410642,telephus,0.10000 (1),
407385,AI2_admin,0.00000 (2),
408979,JamesChuang,0.00000 (2),
410693,phunghx,0.00000 (2),
436715,gasevi,0.00000 (2),
