submission_pk,User,AP@0.50,AP@0.25,AP@0.75
539457,akashdeepjassal,0.529007 (1),0.627742 (1),0.182625 (4),
517062,IPHD_baselines,0.529007 (1),0.627742 (1),0.182625 (4),
532767,VIP,0.482543 (2),0.587323 (3),0.207424 (3),
533803,Kaulquappe,0.465068 (3),0.588223 (2),0.245036 (2),
536760,Mingbo_Hong,0.444872 (4),0.495730 (5),0.247277 (1),
539075,lukaz,0.317582 (5),0.533051 (4),0.005570 (5),
531928,cairangxianmu,0.000042 (6),0.010623 (6),0.000000 (6),
532363,ruofeng,0.000007 (7),0.002831 (7),0.000000 (6),
538091,xxxxxx,0.000000 (8),0.000295 (8),0.000000 (6),
