submission_pk,User,NER,RE with NEs,End-to-end RE
565681,davletov-aa,0.559930 (1),-1.000000 (1),0.000000 (2),
565006,Sdernal,0.463802 (2),-1.000000 (1),0.000000 (2),
565340,ksmith,0.463057 (3),-1.000000 (1),0.061674 (1),
565696,viby,0.416699 (4),-1.000000 (1),0.000000 (2),
565717,dimsolo,0.400251 (5),-1.000000 (1),0.000000 (2),
562615,Ms8qQxMbnjJMgYcw,0.353761 (6),-1.000000 (1),0.000000 (2),
565697,bond005,0.337757 (7),-1.000000 (1),0.000000 (2),
565417,Student2020,0.252753 (8),-1.000000 (1),0.000000 (2),
