submission_pk,User,NER,RE with NEs,End-to-end RE
569457,davletov-aa,-1.000000 (1),0.369316 (2),-1.000000 (1),
569455,bond005,-1.000000 (1),0.044548 (5),-1.000000 (1),
569417,viby,-1.000000 (1),0.218165 (3),-1.000000 (1),
569046,Sdernal,-1.000000 (1),0.440953 (1),-1.000000 (1),
567103,ksmith,-1.000000 (1),0.151643 (4),-1.000000 (1),
