submission_pk,User,F1,Recall,Precision,Exact match (Task 2 only)
639653,zsozso,0.801042 (1),0.793797 (1),0.815728 (2),0.329125 (1),
608339,andrei.avram,0.746674 (2),0.716011 (2),0.868577 (1),0.000000 (3),
638773,hariharanrl,0.576084 (3),0.584781 (3),0.587610 (3),0.172227 (2),
