submission_pk,User,recognition rate
677388,shotaro.ishihara,0.871700 (1),
673430,tishikawa,0.853400 (2),
604406,Alex92,0.806300 (3),
677006,vaibhav29498,0.790600 (4),
