submission_pk,User,Rec. Rate
818246,CharlieCode,0.969200 (1),
818152,jhonjoe,0.955400 (2),
813930,newbee2,0.952900 (3),
818092,wenbinwuee,0.952000 (4),
817731,wz,0.944300 (5),
818695,smilelab2021,0.936600 (6),
817926,papastrat,0.932800 (7),
817951,ycmin,0.926200 (8),
817775,Benjia_Zhou,0.925300 (9),
814951,rhythmblue,0.923000 (10),
818583,m-decoster,0.916700 (11),
815042,xduyzy,0.914000 (12),
817902,Bugmaker,0.854900 (13),
757052,osincan,0.632200 (14),
768444,AmitMY,0.011100 (15),
