submission_pk,User,F2 score,Precision,Recall
931050,MERLOT,0.733496 (1),0.705882 (1),0.740741 (1),
924588,hugo.jair,0.593645 (2),0.417647 (2),0.663551 (2),
