submission_pk,User,F2 score,Precision,Recall
931046,MERLOT,0.271454 (1),0.246439 (1),0.280277 (1),
929230,hugo.jair,0.241827 (2),0.241827 (2),0.241827 (2),
