submission_pk,User,F1,Recall,Precision,Exact match (Task 2 only)
965743,DSC-IITISM,0.955066 (2),0.954978 (2),0.955413 (2),0.877743 (1),
965716,XianchaoWu,0.947717 (3),0.947818 (3),0.947760 (3),0.876176 (2),
964128,tanfiona,0.955610 (1),0.955575 (1),0.955718 (1),0.860502 (3),
961806,LIORI,0.946473 (4),0.946654 (4),0.946497 (4),0.783699 (4),
