submission_pk,User,F1 score,Precision,Recall
268411,bowang,0.711864 (1),0.600000 (1),0.875000 (2),
247181,mriegler,0.666667 (2),0.500000 (2),1.000000 (1),
