submission_pk,User,PercentageScore
385673,roemmele,0.656334 (1),
386868,mflor,0.654730 (2),
382745,Niko,0.629075 (3),
385976,Pranav_Goel,0.626403 (4),
381553,lizhongyang,0.603955 (5),
396981,ROCNLP,0.603955 (5),
