submission_pk,User,MAE_M,MAE_mu
384288,seirasto,0.80000 (1),0.93500 (3),
385086,ramybaly,0.94300 (2),0.64600 (1),
385068,lhurtado,1.26400 (3),0.78700 (2),
