submission_pk,User,KLD,AE,RAE
383483,seirasto,0.44800 (1),0.17900 (2),0.60100 (2),
383616,noura,0.26700 (2),0.32600 (1),2.39200 (1),
