submission_pk,User,interview,agreeableness,conscientiousness,extraversion,neuroticism,openness
387741,heysky,0.919782 (1),0.916108 (2),0.916633 (2),0.920557 (1),0.914871 (1),0.916935 (1),
387686,Bekhouche,0.918974 (2),0.916589 (1),0.916639 (1),0.917503 (2),0.912992 (2),0.913846 (2),
387105,juliojj,0.916360 (3),0.913778 (5),0.913487 (3),0.909268 (5),0.909370 (4),0.901004 (7),
387419,ee12b101,0.915723 (4),0.914542 (4),0.913123 (4),0.913449 (4),0.909217 (5),0.911473 (4),
385708,vismay,0.915613 (5),0.915805 (3),0.909887 (5),0.913787 (3),0.909623 (3),0.912490 (3),
385233,Arulkumar,0.905938 (6),0.910487 (6),0.896363 (7),0.905995 (6),0.902402 (6),0.906114 (5),
387767,azzasama,0.902961 (7),0.908530 (7),0.900877 (6),0.904909 (7),0.898365 (7),0.903576 (6),
385359,charrin,0.890839 (8),0.902704 (8),0.880831 (8),0.888320 (8),0.886904 (8),0.892760 (8),
