submission_pk,User,interview,agreeableness,conscientiousness,extraversion,neuroticism,openness
388486,heysky,0.920916 (1),0.913731 (1),0.919769 (1),0.921289 (1),0.914613 (1),0.917014 (1),
383661,juliojj,0.916202 (2),0.911230 (2),0.915228 (2),0.911220 (3),0.910378 (2),0.911123 (2),
388850,Bekhouche,0.915746 (3),0.910312 (3),0.913775 (3),0.915510 (2),0.908297 (3),0.910078 (3),
388852,go2chayan,0.901859 (4),0.903216 (4),0.894914 (4),0.902660 (4),0.901147 (4),0.904709 (4),
388855,azzasama,0.872129 (5),0.891004 (5),0.865975 (5),0.878842 (5),0.863237 (5),0.874761 (5),
