submission_pk,User,recognition rate
640806,vaibhav29498,0.711300 (1),
661642,Alex92,0.628700 (2),
632863,darn0163,0.570200 (3),
633293,muraken,0.561100 (4),
633802,arailly,0.548100 (5),
633281,m-yoshinaka,0.524700 (6),
633614,bon.my13,0.519500 (7),
618746,garain,0.516900 (8),
633845,OnishiItsuki,0.511700 (9),
632444,kony,0.501300 (10),
630787,gussan,0.485700 (11),
