submission_pk,User,recognition rate
640800,vaibhav29498,0.702200 (1),
614063,Alex92,0.624200 (2),
633798,darn0163,0.572800 (3),
633292,muraken,0.558500 (4),
633799,arailly,0.551400 (5),
618744,garain,0.518900 (6),
633611,bon.my13,0.518200 (7),
633843,OnishiItsuki,0.513000 (8),
633290,m-yoshinaka,0.504600 (9),
630784,gussan,0.485000 (10),
