submission_pk,User,F1-Score,Accuracy,Precision,Recall
550144,Anonymous,0.682353 (1),0.973000 (1),0.707317 (2),0.659091 (2),
550427,Anonymous,0.579710 (2),0.971000 (2),0.800000 (1),0.454545 (3),
550213,Anonymous,0.480000 (3),0.961000 (3),0.580645 (3),0.409091 (4),
550421,Anonymous,0.430380 (4),0.955000 (4),0.485714 (4),0.386364 (5),
550689,Anonymous,0.303030 (5),0.954000 (5),0.454545 (5),0.227273 (6),
550103,Anonymous,0.303030 (5),0.954000 (5),0.454545 (5),0.227273 (6),
550492,Anonymous,0.058651 (6),0.037000 (6),0.030644 (6),0.681818 (1),
550463,Anonymous,0.000000 (7),0.000000 (7),0.000000 (7),0.000000 (7),
