submission_pk,User,Overall quality
557475,qbic,0.95020 (1),
554291,it,0.93539 (2),
555820,vocative,0.92045 (3),
544214,Gugutse,0.82112 (4),
