submission_pk,User,F1,Recall,Precision,Exact match (Task 2 only)
620037,dmariko,0.998434 (1),0.998442 (1),0.998445 (1),-1.000000 (1),
639086,dhairya,0.984892 (2),0.984864 (2),0.984921 (2),-1.000000 (1),
639641,zsozso,0.954459 (3),0.958377 (3),0.955100 (3),-1.000000 (1),
588270,andrei.avram,0.946136 (4),0.951945 (4),0.947377 (4),-1.000000 (1),
637182,hariharanrl,0.926486 (5),0.940867 (5),0.934973 (5),-1.000000 (1),
