submission_pk,User,F1,Recall,Precision,Exact match (Task 2 only)
638353,eetest76,0.947154 (1),0.947012 (1),0.947870 (1),0.824451 (1),
639775,do,0.946622 (2),0.946624 (2),0.946659 (2),0.736677 (2),
639720,zsozso,0.837098 (3),0.836262 (3),0.839150 (3),0.703762 (4),
639730,Ms8qQxMbnjJMgYcw,0.826049 (4),0.827998 (4),0.824849 (4),0.705329 (3),
639876,karthikradhakrishnan96,0.796018 (5),0.789003 (5),0.819039 (5),0.000000 (7),
638052,aladi_fhg,0.759982 (6),0.748933 (7),0.799503 (6),0.191223 (5),
637416,toshiyaimoto,0.756126 (7),0.755676 (6),0.759521 (7),0.000000 (7),
638915,MariusI,0.731025 (8),0.721395 (8),0.756145 (8),0.183386 (6),
