submission_pk,User,F1,Recall,Precision,Exact match (Task 2 only)
607133,gupta_s,0.954544 (1),0.957459 (1),0.953603 (1),-1.000000 (1),
605611,MariusI,0.951979 (2),0.950932 (2),0.953230 (2),-1.000000 (1),
606860,asking28,0.941918 (3),0.940210 (5),0.943959 (4),-1.000000 (1),
637176,hariharanrl,0.939693 (4),0.943590 (4),0.937448 (5),-1.000000 (1),
635594,Piyush,0.928361 (5),0.945455 (3),0.944333 (3),-1.000000 (1),
