submission_pk,User,recognition rate
677007,shotaro.ishihara,0.863900 (1),
674595,tishikawa,0.845500 (2),
604404,Alex92,0.798400 (3),
677002,vaibhav29498,0.785300 (4),
