submission_pk,User,F1,Recall,Precision,Exact match (Task 2 only)
1120823,iamtirthankar,0.994892 (1),0.994855 (1),0.994968 (1),-1.000000 (1),
656808,hariharanrl,0.967770 (2),0.967100 (2),0.968712 (2),-1.000000 (1),
672503,ishaanverma,0.952741 (3),0.954509 (3),0.951790 (3),-1.000000 (1),
