submission_pk,User,F1,Recall,Precision,Exact match (Task 2 only)
649283,do,0.950138 (1),0.950175 (1),0.950161 (1),0.833856 (1),
1116712,joydeb,0.903298 (2),0.902467 (2),0.905267 (2),0.741379 (2),
643253,codauser,0.751991 (3),0.741355 (3),0.775139 (3),0.224138 (3),
1120445,iamtirthankar,0.603005 (5),0.611869 (4),0.602573 (5),0.195925 (4),
678216,ilknurkaradeniz,0.604168 (4),0.606200 (5),0.609460 (4),0.006270 (5),
