submission_pk,User,MSE,O,C,E,A,N
889417,juliojj,1.063243 (1),0.658912 (2),1.354136 (2),1.189309 (3),0.965135 (4),1.148724 (1),
973806,gizemsogancioglu,1.063374 (2),0.627761 (1),1.431821 (5),1.115273 (2),0.940743 (1),1.201271 (4),
965630,ziya,1.070318 (3),0.689593 (4),1.192769 (1),1.072845 (1),0.950076 (3),1.446306 (6),
973011,f.pessanha,1.098681 (4),0.793627 (5),1.367891 (3),1.209099 (4),0.945987 (2),1.176802 (2),
955975,meterix,1.116285 (5),0.683126 (3),1.377101 (4),1.313630 (5),1.025390 (5),1.182179 (3),
969334,agrtanay,1.442336 (6),0.906501 (6),1.941962 (6),1.322956 (6),1.804617 (6),1.235645 (5),
