submission_pk,User,MSE,O,C,E,A,N
974808,hanansalam,0.769153 (1),0.711249 (1),0.723010 (3),0.866556 (1),0.548260 (1),0.996690 (1),
889418,juliojj,0.817918 (2),0.744329 (2),0.793535 (4),0.886429 (2),0.653172 (2),1.012128 (2),
974322,f.pessanha,0.825128 (3),0.752272 (3),0.687415 (2),0.917409 (3),0.670707 (3),1.097835 (3),
974338,gizemsogancioglu,0.845548 (4),0.759109 (4),0.677341 (1),0.951688 (4),0.676781 (4),1.162822 (4),
974782,agrtanay,1.058003 (5),0.838601 (5),0.976236 (5),1.358683 (5),0.864427 (5),1.252069 (5),
974457,crisielab,4.025319 (6),4.400578 (6),4.671035 (6),1.998217 (6),3.533950 (6),5.522814 (6),
